{
  "app": {
    "title": "Hospital Quality Management System",
    "subtitle": "Executive Demo"
  },
  "common": {
    "search": "Search",
    "notifications": "Notifications",
    "profile": "Profile",
    "settings": "Settings",
    "logout": "Logout",
    "save": "Save",
    "cancel": "Cancel",
    "delete": "Delete",
    "edit": "Edit",
    "view": "View",
    "create": "Create",
    "filter": "Filter",
    "export": "Export",
    "import": "Import",
    "reset": "Reset",
    "loading": "Loading...",
    "noData": "No data",
    "error": "Error",
    "success": "Success",
    "warning": "Warning",
    "info": "Info",
    "confirm": "Confirm",
    "actions": "Actions",
    "status": "Status",
    "date": "Date",
    "department": "Department",
    "owner": "Owner",
    "category": "Category",
    "type": "Type",
    "code": "Code",
    "name": "Name",
    "description": "Description",
    "details": "Details",
    "from": "From",
    "to": "To",
    "all": "All",
    "active": "Active",
    "inactive": "Inactive",
    "completed": "Completed",
    "pending": "Pending",
    "inProgress": "In Progress",
    "high": "High",
    "medium": "Medium",
    "low": "Low",
    "critical": "Critical",
    "major": "Major",
    "minor": "Minor",
    "dashboard": "Dashboard",
    "reports": "Reports",
    "analytics": "Analytics"
  },
  "auth": {
    "login": "Login",
    "logout": "Logout",
    "email": "Email",
    "password": "Password",
    "forgotPassword": "Forgot Password?",
    "rememberMe": "Remember Me",
    "loginAs": "Login As",
    "roleSelection": "Role Selection"
  },
  "navigation": {
    "dashboard": "Dashboard",
    "admin": "Admin",
    "documents": "Documents",
    "performance": "Performance",
    "risks": "Risks",
    "auditCompliance": "Audit & Compliance",
    "training": "Training",
    "feedback": "Feedback",
    "incidents": "Incidents",
    "safety": "Safety",
    "meetings": "Meetings",
    "strategyProjects": "Strategy & Projects",
    "knowledge": "Knowledge"
  },
  "dashboard": {
    "title": "Dashboard",
    "description": "Overview of KPIs, risks, and compliance",
    "kpiSummary": "KPI Summary",
    "riskSummary": "Risk Summary",
    "ncrSummary": "NCR Summary",
    "complianceRate": "Compliance Rate",
    "projectStatus": "Project Status",
    "patientSatisfaction": "Patient Satisfaction",
    "aiInsights": "AI Insights",
    "presets": {
      "executive": "Executive",
      "clinical": "Clinical",
      "department": "Department"
    },
    "customizeLayout": "Customize Layout",
    "saveLayout": "Save Layout",
    "resetLayout": "Reset Layout"
  },
  "admin": {
    "title": "Admin Panel",
    "description": "Manage master data and settings",
    "masterData": "Master Data",
    "departments": "Departments",
    "users": "Users",
    "kpiSetup": "KPI Setup",
    "riskMatrix": "Risk Matrix",
    "certifications": "Certifications",
    "committees": "Committees",
    "imports": "Imports",
    "connectors": "Connectors",
    "settings": "Settings",
    "generateDemoData": "Generate Demo Data",
    "resetDemoData": "Reset Demo Data"
  },
  "documents": {
    "title": "Documents",
    "description": "Manage system documents, policies, and procedures",
    "documentList": "Document List",
    "documentDetails": "Document Details",
    "documentType": "Document Type",
    "documentStatus": "Document Status",
    "documentVersion": "Document Version",
    "documentOwner": "Document Owner",
    "documentApproval": "Document Approval",
    "documentHistory": "Document History",
    "uploadDocument": "Upload Document",
    "downloadDocument": "Download Document",
    "versionBump": "Version Bump"
  },
  "performance": {
    "title": "Performance",
    "description": "Track and analyze KPIs and objectives",
    "kpiList": "KPI List",
    "kpiDetails": "KPI Details",
    "kpiDefinition": "KPI Definition",
    "kpiFormula": "KPI Formula",
    "kpiTargets": "KPI Targets",
    "kpiTrends": "KPI Trends",
    "kpiData": "KPI Data",
    "importKpiData": "Import KPI Data",
    "objectives": "Objectives",
    "keyResults": "Key Results",
    "cfrSessions": "CFR Sessions"
  },
  "risks": {
    "title": "Risks",
    "description": "Assess and manage organizational and operational risks",
    "riskHeatmap": "Risk Heatmap",
    "riskList": "Risk List",
    "riskDetails": "Risk Details",
    "riskAssessment": "Risk Assessment",
    "riskMitigation": "Risk Mitigation",
    "riskMonitoring": "Risk Monitoring",
    "createRisk": "Create Risk",
    "likelihood": "Likelihood",
    "impact": "Impact",
    "detectability": "Detectability",
    "rpn": "Risk Priority Number"
  },
  "auditCompliance": {
    "title": "Audit & Compliance",
    "description": "Manage audits and standards compliance",
    "auditSchedule": "Audit Schedule",
    "auditFindings": "Audit Findings",
    "ncrList": "NCR List",
    "complianceMeter": "Compliance Meter",
    "standards": {
      "gahar": "GAHAR",
      "jci": "JCI",
      "iso": "ISO"
    }
  },
  "training": {
    "title": "Training",
    "description": "Manage training programs and track competencies",
    "trainingCatalog": "Training Catalog",
    "trainingSessions": "Training Sessions",
    "enrollments": "Enrollments",
    "competencyMatrix": "Competency Matrix",
    "importAttendance": "Import Attendance",
    "certificates": "Certificates"
  },
  "feedback": {
    "title": "Feedback",
    "description": "Analyze satisfaction surveys and complaints",
    "surveyResults": "Survey Results",
    "complaintsList": "Complaints List",
    "sentimentAnalysis": "Sentiment Analysis",
    "trends": "Trends",
    "patientExperience": "Patient Experience"
  },
  "incidents": {
    "title": "Incidents",
    "description": "Manage and analyze incidents and corrective actions",
    "incidentList": "Incident List",
    "incidentDetails": "Incident Details",
    "rootCauseAnalysis": "Root Cause Analysis",
    "correctiveActions": "Corrective Actions",
    "preventiveActions": "Preventive Actions",
    "reportIncident": "Report Incident"
  },
  "safety": {
    "title": "Safety",
    "description": "Monitor and improve safety standards",
    "safetyRounds": "Safety Rounds",
    "wasteLogs": "Waste Logs",
    "infectionControl": "Infection Control",
    "safetyMetrics": "Safety Metrics"
  },
  "meetings": {
    "title": "Meetings",
    "description": "Manage committees, meetings, and decision items",
    "committeesDirectory": "Committees Directory",
    "meetingCalendar": "Meeting Calendar",
    "agendaBuilder": "Agenda Builder",
    "meetingMinutes": "Meeting Minutes",
    "decisionItems": "Decision Items",
    "decisionStatus": {
      "open": "Open",
      "inProgress": "In Progress",
      "submitted": "Submitted",
      "ceoApproval": "CEO Approval",
      "closed": "Closed"
    }
  },
  "strategyProjects": {
    "title": "Strategy & Projects",
    "description": "Track strategic objectives and projects",
    "strategicObjectives": "Strategic Objectives",
    "keyResults": "Key Results",
    "projects": "Projects",
    "projectViews": {
      "kanban": "Kanban",
      "trafficLights": "Traffic Lights"
    },
    "milestones": "Milestones",
    "progress": "Progress"
  },
  "knowledge": {
    "title": "Knowledge",
    "description": "Knowledge base and intelligent search",
    "knowledgeList": "Knowledge List",
    "searchKnowledge": "Search Knowledge",
    "aiSearch": "AI Search",
    "tags": "Tags",
    "categories": "Categories"
  },
  "roles": {
    "ceo": "CEO",
    "qualityAdmin": "Quality Admin",
    "hod": "Head of Department",
    "staff": "Staff"
  },
  "departments": {
    "opd": "OPD",
    "er": "ER",
    "or": "OR",
    "icu": "ICU",
    "lab": "LAB",
    "rad": "RAD"
  },
  "theme": {
    "light": "Light",
    "dark": "Dark",
    "language": "Language",
    "arabic": "Arabic",
    "english": "English"
  }
}