{
  "app": {
    "title": "نظام إدارة الجودة للمستشفى",
    "subtitle": "عرض تنفيذي"
  },
  "common": {
    "search": "بحث",
    "notifications": "إشعارات",
    "profile": "الملف الشخصي",
    "settings": "الإعدادات",
    "logout": "تسجيل الخروج",
    "save": "حفظ",
    "cancel": "إلغاء",
    "delete": "حذف",
    "edit": "تعديل",
    "view": "عرض",
    "create": "إنشاء",
    "filter": "تصفية",
    "export": "تصدير",
    "import": "استيراد",
    "reset": "إعادة تعيين",
    "loading": "جاري التحميل...",
    "noData": "لا توجد بيانات",
    "error": "حدث خطأ",
    "success": "تم بنجاح",
    "warning": "تحذير",
    "info": "معلومات",
    "confirm": "تأكيد",
    "actions": "إجراءات",
    "status": "الحالة",
    "date": "التاريخ",
    "department": "القسم",
    "owner": "المسؤول",
    "category": "الفئة",
    "type": "النوع",
    "code": "الرمز",
    "name": "الاسم",
    "description": "الوصف",
    "details": "التفاصيل",
    "from": "من",
    "to": "إلى",
    "all": "الكل",
    "active": "نشط",
    "inactive": "غير نشط",
    "completed": "مكتمل",
    "pending": "قيد الانتظار",
    "inProgress": "قيد التنفيذ",
    "high": "مرتفع",
    "medium": "متوسط",
    "low": "منخفض",
    "critical": "حرج",
    "major": "رئيسي",
    "minor": "ثانوي",
    "dashboard": "لوحة المعلومات",
    "reports": "التقارير",
    "analytics": "التحليلات"
  },
  "auth": {
    "login": "تسجيل الدخول",
    "logout": "تسجيل الخروج",
    "email": "البريد الإلكتروني",
    "password": "كلمة المرور",
    "forgotPassword": "نسيت كلمة المرور؟",
    "rememberMe": "تذكرني",
    "loginAs": "تسجيل الدخول كـ",
    "roleSelection": "اختيار الدور"
  },
  "navigation": {
    "dashboard": "لوحة المعلومات",
    "admin": "الإدارة",
    "documents": "المستندات",
    "performance": "الأداء",
    "risks": "المخاطر",
    "auditCompliance": "التدقيق والامتثال",
    "training": "التدريب",
    "feedback": "التغذية الراجعة",
    "incidents": "الحوادث",
    "safety": "السلامة",
    "meetings": "الاجتماعات",
    "strategyProjects": "الاستراتيجية والمشاريع",
    "knowledge": "المعرفة"
  },
  "dashboard": {
    "title": "لوحة المعلومات",
    "description": "نظرة عامة على مؤشرات الأداء الرئيسية والمخاطر والامتثال",
    "kpiSummary": "ملخص مؤشرات الأداء الرئيسية",
    "riskSummary": "ملخص المخاطر",
    "ncrSummary": "ملخص حالات عدم المطابقة",
    "complianceRate": "معدل الامتثال",
    "projectStatus": "حالة المشاريع",
    "patientSatisfaction": "رضا المرضى",
    "aiInsights": "رؤى الذكاء الاصطناعي",
    "presets": {
      "executive": "تنفيذي",
      "clinical": "سريري",
      "department": "قسم"
    },
    "customizeLayout": "تخصيص التخطيط",
    "saveLayout": "حفظ التخطيط",
    "resetLayout": "إعادة تعيين التخطيط"
  },
  "admin": {
    "title": "لوحة الإدارة",
    "description": "إدارة البيانات الرئيسية والإعدادات",
    "masterData": "البيانات الرئيسية",
    "departments": "الأقسام",
    "users": "المستخدمين",
    "kpiSetup": "إعداد مؤشرات الأداء الرئيسية",
    "riskMatrix": "مصفوفة المخاطر",
    "certifications": "الشهادات",
    "committees": "اللجان",
    "imports": "الاستيرادات",
    "connectors": "الموصلات",
    "settings": "الإعدادات",
    "generateDemoData": "إنشاء بيانات تجريبية",
    "resetDemoData": "إعادة تعيين البيانات التجريبية"
  },
  "documents": {
    "title": "المستندات",
    "description": "إدارة وثائق النظام والسياسات والإجراءات",
    "documentList": "قائمة المستندات",
    "documentDetails": "تفاصيل المستند",
    "documentType": "نوع المستند",
    "documentStatus": "حالة المستند",
    "documentVersion": "إصدار المستند",
    "documentOwner": "مالك المستند",
    "documentApproval": "موافقة المستند",
    "documentHistory": "تاريخ المستند",
    "uploadDocument": "تحميل مستند",
    "downloadDocument": "تنزيل المستند",
    "versionBump": "زيادة الإصدار"
  },
  "performance": {
    "title": "الأداء",
    "description": "تتبع وتحليل مؤشرات الأداء الرئيسية والأهداف",
    "kpiList": "قائمة مؤشرات الأداء الرئيسية",
    "kpiDetails": "تفاصيل مؤشر الأداء الرئيسي",
    "kpiDefinition": "تعريف مؤشر الأداء الرئيسي",
    "kpiFormula": "صيغة مؤشر الأداء الرئيسي",
    "kpiTargets": "أهداف مؤشر الأداء الرئيسي",
    "kpiTrends": "اتجاهات مؤشر الأداء الرئيسي",
    "kpiData": "بيانات مؤشر الأداء الرئيسي",
    "importKpiData": "استيراد بيانات مؤشر الأداء الرئيسي",
    "objectives": "الأهداف",
    "keyResults": "النتائج الرئيسية",
    "cfrSessions": "جلسات التقييم والتغذية الراجعة"
  },
  "risks": {
    "title": "المخاطر",
    "description": "تقييم وإدارة المخاطر التنظيمية والتشغيلية",
    "riskHeatmap": "خريطة حرارة المخاطر",
    "riskList": "قائمة المخاطر",
    "riskDetails": "تفاصيل المخاطر",
    "riskAssessment": "تقييم المخاطر",
    "riskMitigation": "تخفيف المخاطر",
    "riskMonitoring": "مراقبة المخاطر",
    "createRisk": "إنشاء مخاطر",
    "likelihood": "احتمالية",
    "impact": "تأثير",
    "detectability": "قابلية الكشف",
    "rpn": "رقم أولوية المخاطر"
  },
  "auditCompliance": {
    "title": "التدقيق والامتثال",
    "description": "إدارة عمليات التدقيق والامتثال للمعايير",
    "auditSchedule": "جدول التدقيق",
    "auditFindings": "نتائج التدقيق",
    "ncrList": "قائمة حالات عدم المطابقة",
    "complianceMeter": "مقياس الامتثال",
    "standards": {
      "gahar": "الهيئة العامة للاعتماد والرقابة الصحية",
      "jci": "اللجنة الدولية المشتركة",
      "iso": "المنظمة الدولية للمعايير"
    }
  },
  "training": {
    "title": "التدريب",
    "description": "إدارة برامج التدريب وتتبع الكفاءات",
    "trainingCatalog": "كتالوج التدريب",
    "trainingSessions": "جلسات التدريب",
    "enrollments": "التسجيلات",
    "competencyMatrix": "مصفوفة الكفاءات",
    "importAttendance": "استيراد الحضور",
    "certificates": "الشهادات"
  },
  "feedback": {
    "title": "التغذية الراجعة",
    "description": "تحليل استطلاعات الرضا والشكاوى",
    "surveyResults": "نتائج الاستطلاع",
    "complaintsList": "قائمة الشكاوى",
    "sentimentAnalysis": "تحليل المشاعر",
    "trends": "الاتجاهات",
    "patientExperience": "تجربة المريض"
  },
  "incidents": {
    "title": "الحوادث",
    "description": "إدارة وتحليل الحوادث والإجراءات التصحيحية",
    "incidentList": "قائمة الحوادث",
    "incidentDetails": "تفاصيل الحادث",
    "rootCauseAnalysis": "تحليل السبب الجذري",
    "correctiveActions": "الإجراءات التصحيحية",
    "preventiveActions": "الإجراءات الوقائية",
    "reportIncident": "الإبلاغ عن حادث"
  },
  "safety": {
    "title": "السلامة",
    "description": "مراقبة وتحسين معايير السلامة",
    "safetyRounds": "جولات السلامة",
    "wasteLogs": "سجلات النفايات",
    "infectionControl": "مكافحة العدوى",
    "safetyMetrics": "مقاييس السلامة"
  },
  "meetings": {
    "title": "الاجتماعات",
    "description": "إدارة اللجان والاجتماعات وبنود القرار",
    "committeesDirectory": "دليل اللجان",
    "meetingCalendar": "تقويم الاجتماعات",
    "agendaBuilder": "منشئ جدول الأعمال",
    "meetingMinutes": "محضر الاجتماع",
    "decisionItems": "بنود القرار",
    "decisionStatus": {
      "open": "مفتوح",
      "inProgress": "قيد التنفيذ",
      "submitted": "تم التقديم",
      "ceoApproval": "موافقة الرئيس التنفيذي",
      "closed": "مغلق"
    }
  },
  "strategyProjects": {
    "title": "الاستراتيجية والمشاريع",
    "description": "تتبع الأهداف الاستراتيجية والمشاريع",
    "strategicObjectives": "الأهداف الاستراتيجية",
    "keyResults": "النتائج الرئيسية",
    "projects": "المشاريع",
    "projectViews": {
      "kanban": "كانبان",
      "trafficLights": "إشارات المرور"
    },
    "milestones": "المعالم",
    "progress": "التقدم"
  },
  "knowledge": {
    "title": "المعرفة",
    "description": "قاعدة المعرفة والبحث الذكي",
    "knowledgeList": "قائمة المعرفة",
    "searchKnowledge": "البحث في المعرفة",
    "aiSearch": "البحث بالذكاء الاصطناعي",
    "tags": "العلامات",
    "categories": "الفئات"
  },
  "roles": {
    "ceo": "الرئيس التنفيذي",
    "qualityAdmin": "مدير الجودة",
    "hod": "رئيس القسم",
    "staff": "الموظفين"
  },
  "departments": {
    "opd": "العيادات الخارجية",
    "er": "الطوارئ",
    "or": "غرفة العمليات",
    "icu": "العناية المركزة",
    "lab": "المختبر",
    "rad": "الأشعة"
  },
  "theme": {
    "light": "فاتح",
    "dark": "داكن",
    "language": "اللغة",
    "arabic": "العربية",
    "english": "الإنجليزية"
  }
}